image_path,breed
afghan_hound/afghan_hound11.jpg,afghan_hound
afghan_hound/afghan_hound18.jpg,afghan_hound
afghan_hound/afghan_hound3.jpg,afghan_hound
afghan_hound/afghan_hound4.jpg,afghan_hound
afghan_hound/afghan_hound43.jpg,afghan_hound
afghan_hound/afghan_hound70.jpg,afghan_hound
afghan_hound/afghan_hound75.jpg,afghan_hound
afghan_hound/afghan_hound86.jpg,afghan_hound
afghan_hound/afghan_hound87.jpg,afghan_hound
afghan_hound/afghan_hound88.jpg,afghan_hound
afghan_hound/afghan_hound96.jpg,afghan_hound
afghan_hound/afghan_hound11.jpg,afghan_hound
afghan_hound/afghan_hound18.jpg,afghan_hound
afghan_hound/afghan_hound3.jpg,afghan_hound
afghan_hound/afghan_hound4.jpg,afghan_hound
afghan_hound/afghan_hound43.jpg,afghan_hound
afghan_hound/afghan_hound70.jpg,afghan_hound
afghan_hound/afghan_hound75.jpg,afghan_hound
afghan_hound/afghan_hound86.jpg,afghan_hound
afghan_hound/afghan_hound87.jpg,afghan_hound
afghan_hound/afghan_hound88.jpg,afghan_hound
afghan_hound/afghan_hound96.jpg,afghan_hound
african_hunting_dog/african_hunting_dog16.jpg,african_hunting_dog
african_hunting_dog/african_hunting_dog20.jpg,african_hunting_dog
african_hunting_dog/african_hunting_dog32.jpg,african_hunting_dog
african_hunting_dog/african_hunting_dog54.jpg,african_hunting_dog
african_hunting_dog/african_hunting_dog55.jpg,african_hunting_dog
african_hunting_dog/african_hunting_dog58.jpg,african_hunting_dog
african_hunting_dog/african_hunting_dog67.jpg,african_hunting_dog
african_hunting_dog/african_hunting_dog79.jpg,african_hunting_dog
african_hunting_dog/african_hunting_dog16.jpg,african_hunting_dog
african_hunting_dog/african_hunting_dog20.jpg,african_hunting_dog
african_hunting_dog/african_hunting_dog32.jpg,african_hunting_dog
african_hunting_dog/african_hunting_dog54.jpg,african_hunting_dog
african_hunting_dog/african_hunting_dog55.jpg,african_hunting_dog
african_hunting_dog/african_hunting_dog58.jpg,african_hunting_dog
african_hunting_dog/african_hunting_dog67.jpg,african_hunting_dog
african_hunting_dog/african_hunting_dog79.jpg,african_hunting_dog
airedale/airedale14.jpg,airedale
airedale/airedale26.jpg,airedale
airedale/airedale38.jpg,airedale
airedale/airedale48.jpg,airedale
airedale/airedale49.jpg,airedale
airedale/airedale51.jpg,airedale
airedale/airedale79.jpg,airedale
airedale/airedale83.jpg,airedale
airedale/airedale89.jpg,airedale
airedale/airedale9.jpg,airedale
airedale/airedale14.jpg,airedale
airedale/airedale26.jpg,airedale
airedale/airedale38.jpg,airedale
airedale/airedale48.jpg,airedale
airedale/airedale49.jpg,airedale
airedale/airedale51.jpg,airedale
airedale/airedale79.jpg,airedale
airedale/airedale83.jpg,airedale
airedale/airedale89.jpg,airedale
airedale/airedale9.jpg,airedale
basenji/basenji11.jpg,basenji
basenji/basenji23.jpg,basenji
basenji/basenji35.jpg,basenji
basenji/basenji45.jpg,basenji
basenji/basenji49.jpg,basenji
basenji/basenji73.jpg,basenji
basenji/basenji76.jpg,basenji
basenji/basenji80.jpg,basenji
basenji/basenji88.jpg,basenji
basenji/basenji89.jpg,basenji
basenji/basenji96.jpg,basenji
basenji/basenji11.jpg,basenji
basenji/basenji23.jpg,basenji
basenji/basenji35.jpg,basenji
basenji/basenji45.jpg,basenji
basenji/basenji49.jpg,basenji
basenji/basenji73.jpg,basenji
basenji/basenji76.jpg,basenji
basenji/basenji80.jpg,basenji
basenji/basenji88.jpg,basenji
basenji/basenji89.jpg,basenji
basenji/basenji96.jpg,basenji
basset/basset16.jpg,basset
basset/basset20.jpg,basset
basset/basset32.jpg,basset
basset/basset44.jpg,basset
basset/basset54.jpg,basset
basset/basset55.jpg,basset
basset/basset58.jpg,basset
basset/basset8.jpg,basset
basset/basset16.jpg,basset
basset/basset20.jpg,basset
basset/basset32.jpg,basset
basset/basset44.jpg,basset
basset/basset54.jpg,basset
basset/basset55.jpg,basset
basset/basset58.jpg,basset
basset/basset8.jpg,basset
beagle/beagle16.jpg,beagle
beagle/beagle28.jpg,beagle
beagle/beagle4.jpg,beagle
beagle/beagle5.jpg,beagle
beagle/beagle53.jpg,beagle
beagle/beagle80.jpg,beagle
beagle/beagle85.jpg,beagle
beagle/beagle9.jpg,beagle
beagle/beagle93.jpg,beagle
beagle/beagle96.jpg,beagle
beagle/beagle16.jpg,beagle
beagle/beagle28.jpg,beagle
beagle/beagle4.jpg,beagle
beagle/beagle5.jpg,beagle
beagle/beagle53.jpg,beagle
beagle/beagle80.jpg,beagle
beagle/beagle85.jpg,beagle
beagle/beagle9.jpg,beagle
beagle/beagle93.jpg,beagle
beagle/beagle96.jpg,beagle
bedlington_terrier/bedlington_terrier16.jpg,bedlington_terrier
bedlington_terrier/bedlington_terrier20.jpg,bedlington_terrier
bedlington_terrier/bedlington_terrier32.jpg,bedlington_terrier
bedlington_terrier/bedlington_terrier54.jpg,bedlington_terrier
bedlington_terrier/bedlington_terrier55.jpg,bedlington_terrier
bedlington_terrier/bedlington_terrier58.jpg,bedlington_terrier
bedlington_terrier/bedlington_terrier67.jpg,bedlington_terrier
bedlington_terrier/bedlington_terrier81.jpg,bedlington_terrier
bedlington_terrier/bedlington_terrier16.jpg,bedlington_terrier
bedlington_terrier/bedlington_terrier20.jpg,bedlington_terrier
bedlington_terrier/bedlington_terrier32.jpg,bedlington_terrier
bedlington_terrier/bedlington_terrier54.jpg,bedlington_terrier
bedlington_terrier/bedlington_terrier55.jpg,bedlington_terrier
bedlington_terrier/bedlington_terrier58.jpg,bedlington_terrier
bedlington_terrier/bedlington_terrier67.jpg,bedlington_terrier
bedlington_terrier/bedlington_terrier81.jpg,bedlington_terrier
bernese_mountain_dog/bernese_mountain_dog11.jpg,bernese_mountain_dog
bernese_mountain_dog/bernese_mountain_dog2.jpg,bernese_mountain_dog
bernese_mountain_dog/bernese_mountain_dog31.jpg,bernese_mountain_dog
bernese_mountain_dog/bernese_mountain_dog41.jpg,bernese_mountain_dog
bernese_mountain_dog/bernese_mountain_dog45.jpg,bernese_mountain_dog
bernese_mountain_dog/bernese_mountain_dog72.jpg,bernese_mountain_dog
bernese_mountain_dog/bernese_mountain_dog77.jpg,bernese_mountain_dog
bernese_mountain_dog/bernese_mountain_dog87.jpg,bernese_mountain_dog
bernese_mountain_dog/bernese_mountain_dog88.jpg,bernese_mountain_dog
bernese_mountain_dog/bernese_mountain_dog89.jpg,bernese_mountain_dog
bernese_mountain_dog/bernese_mountain_dog96.jpg,bernese_mountain_dog
bernese_mountain_dog/bernese_mountain_dog11.jpg,bernese_mountain_dog
bernese_mountain_dog/bernese_mountain_dog2.jpg,bernese_mountain_dog
bernese_mountain_dog/bernese_mountain_dog31.jpg,bernese_mountain_dog
bernese_mountain_dog/bernese_mountain_dog41.jpg,bernese_mountain_dog
bernese_mountain_dog/bernese_mountain_dog45.jpg,bernese_mountain_dog
bernese_mountain_dog/bernese_mountain_dog72.jpg,bernese_mountain_dog
bernese_mountain_dog/bernese_mountain_dog77.jpg,bernese_mountain_dog
bernese_mountain_dog/bernese_mountain_dog87.jpg,bernese_mountain_dog
bernese_mountain_dog/bernese_mountain_dog88.jpg,bernese_mountain_dog
bernese_mountain_dog/bernese_mountain_dog89.jpg,bernese_mountain_dog
bernese_mountain_dog/bernese_mountain_dog96.jpg,bernese_mountain_dog
black-and-tan_coonhound/black-and-tan_coonhound12.jpg,black-and-tan_coonhound
black-and-tan_coonhound/black-and-tan_coonhound20.jpg,black-and-tan_coonhound
black-and-tan_coonhound/black-and-tan_coonhound32.jpg,black-and-tan_coonhound
black-and-tan_coonhound/black-and-tan_coonhound55.jpg,black-and-tan_coonhound
black-and-tan_coonhound/black-and-tan_coonhound58.jpg,black-and-tan_coonhound
black-and-tan_coonhound/black-and-tan_coonhound60.jpg,black-and-tan_coonhound
black-and-tan_coonhound/black-and-tan_coonhound72.jpg,black-and-tan_coonhound
black-and-tan_coonhound/black-and-tan_coonhound12.jpg,black-and-tan_coonhound
black-and-tan_coonhound/black-and-tan_coonhound20.jpg,black-and-tan_coonhound
black-and-tan_coonhound/black-and-tan_coonhound32.jpg,black-and-tan_coonhound
black-and-tan_coonhound/black-and-tan_coonhound55.jpg,black-and-tan_coonhound
black-and-tan_coonhound/black-and-tan_coonhound58.jpg,black-and-tan_coonhound
black-and-tan_coonhound/black-and-tan_coonhound60.jpg,black-and-tan_coonhound
black-and-tan_coonhound/black-and-tan_coonhound72.jpg,black-and-tan_coonhound
blenheim_spaniel/blenheim_spaniel19.jpg,blenheim_spaniel
blenheim_spaniel/blenheim_spaniel30.jpg,blenheim_spaniel
blenheim_spaniel/blenheim_spaniel42.jpg,blenheim_spaniel
blenheim_spaniel/blenheim_spaniel52.jpg,blenheim_spaniel
blenheim_spaniel/blenheim_spaniel53.jpg,blenheim_spaniel
blenheim_spaniel/blenheim_spaniel56.jpg,blenheim_spaniel
blenheim_spaniel/blenheim_spaniel83.jpg,blenheim_spaniel
blenheim_spaniel/blenheim_spaniel9.jpg,blenheim_spaniel
blenheim_spaniel/blenheim_spaniel96.jpg,blenheim_spaniel
blenheim_spaniel/blenheim_spaniel97.jpg,blenheim_spaniel
blenheim_spaniel/blenheim_spaniel19.jpg,blenheim_spaniel
blenheim_spaniel/blenheim_spaniel30.jpg,blenheim_spaniel
blenheim_spaniel/blenheim_spaniel42.jpg,blenheim_spaniel
blenheim_spaniel/blenheim_spaniel52.jpg,blenheim_spaniel
blenheim_spaniel/blenheim_spaniel53.jpg,blenheim_spaniel
blenheim_spaniel/blenheim_spaniel56.jpg,blenheim_spaniel
blenheim_spaniel/blenheim_spaniel83.jpg,blenheim_spaniel
blenheim_spaniel/blenheim_spaniel9.jpg,blenheim_spaniel
blenheim_spaniel/blenheim_spaniel96.jpg,blenheim_spaniel
blenheim_spaniel/blenheim_spaniel97.jpg,blenheim_spaniel
bloodhound/bloodhound16.jpg,bloodhound
bloodhound/bloodhound20.jpg,bloodhound
bloodhound/bloodhound32.jpg,bloodhound
bloodhound/bloodhound44.jpg,bloodhound
bloodhound/bloodhound54.jpg,bloodhound
bloodhound/bloodhound55.jpg,bloodhound
bloodhound/bloodhound58.jpg,bloodhound
bloodhound/bloodhound78.jpg,bloodhound
bloodhound/bloodhound16.jpg,bloodhound
bloodhound/bloodhound20.jpg,bloodhound
bloodhound/bloodhound32.jpg,bloodhound
bloodhound/bloodhound44.jpg,bloodhound
bloodhound/bloodhound54.jpg,bloodhound
bloodhound/bloodhound55.jpg,bloodhound
bloodhound/bloodhound58.jpg,bloodhound
bloodhound/bloodhound78.jpg,bloodhound
bluetick/bluetick16.jpg,bluetick
bluetick/bluetick20.jpg,bluetick
bluetick/bluetick32.jpg,bluetick
bluetick/bluetick44.jpg,bluetick
bluetick/bluetick54.jpg,bluetick
bluetick/bluetick55.jpg,bluetick
bluetick/bluetick58.jpg,bluetick
bluetick/bluetick78.jpg,bluetick
bluetick/bluetick16.jpg,bluetick
bluetick/bluetick20.jpg,bluetick
bluetick/bluetick32.jpg,bluetick
bluetick/bluetick44.jpg,bluetick
bluetick/bluetick54.jpg,bluetick
bluetick/bluetick55.jpg,bluetick
bluetick/bluetick58.jpg,bluetick
bluetick/bluetick78.jpg,bluetick
border_collie/border_collie14.jpg,border_collie
border_collie/border_collie3.jpg,border_collie
border_collie/border_collie32.jpg,border_collie
border_collie/border_collie52.jpg,border_collie
border_collie/border_collie59.jpg,border_collie
border_collie/border_collie61.jpg,border_collie
border_collie/border_collie9.jpg,border_collie
border_collie/border_collie14.jpg,border_collie
border_collie/border_collie3.jpg,border_collie
border_collie/border_collie32.jpg,border_collie
border_collie/border_collie52.jpg,border_collie
border_collie/border_collie59.jpg,border_collie
border_collie/border_collie61.jpg,border_collie
border_collie/border_collie9.jpg,border_collie
border_terrier/border_terrier16.jpg,border_terrier
border_terrier/border_terrier20.jpg,border_terrier
border_terrier/border_terrier32.jpg,border_terrier
border_terrier/border_terrier44.jpg,border_terrier
border_terrier/border_terrier54.jpg,border_terrier
border_terrier/border_terrier55.jpg,border_terrier
border_terrier/border_terrier58.jpg,border_terrier
border_terrier/border_terrier67.jpg,border_terrier
border_terrier/border_terrier83.jpg,border_terrier
border_terrier/border_terrier16.jpg,border_terrier
border_terrier/border_terrier20.jpg,border_terrier
border_terrier/border_terrier32.jpg,border_terrier
border_terrier/border_terrier44.jpg,border_terrier
border_terrier/border_terrier54.jpg,border_terrier
border_terrier/border_terrier55.jpg,border_terrier
border_terrier/border_terrier58.jpg,border_terrier
border_terrier/border_terrier67.jpg,border_terrier
border_terrier/border_terrier83.jpg,border_terrier
borzoi/borzoi20.jpg,borzoi
borzoi/borzoi31.jpg,borzoi
borzoi/borzoi32.jpg,borzoi
borzoi/borzoi45.jpg,borzoi
borzoi/borzoi56.jpg,borzoi
borzoi/borzoi58.jpg,borzoi
borzoi/borzoi71.jpg,borzoi
borzoi/borzoi20.jpg,borzoi
borzoi/borzoi31.jpg,borzoi
borzoi/borzoi32.jpg,borzoi
borzoi/borzoi45.jpg,borzoi
borzoi/borzoi56.jpg,borzoi
borzoi/borzoi58.jpg,borzoi
borzoi/borzoi71.jpg,borzoi
boston_bull/boston_bull16.jpg,boston_bull
boston_bull/boston_bull20.jpg,boston_bull
boston_bull/boston_bull32.jpg,boston_bull
boston_bull/boston_bull54.jpg,boston_bull
boston_bull/boston_bull55.jpg,boston_bull
boston_bull/boston_bull58.jpg,boston_bull
boston_bull/boston_bull67.jpg,boston_bull
boston_bull/boston_bull8.jpg,boston_bull
boston_bull/boston_bull16.jpg,boston_bull
boston_bull/boston_bull20.jpg,boston_bull
boston_bull/boston_bull32.jpg,boston_bull
boston_bull/boston_bull54.jpg,boston_bull
boston_bull/boston_bull55.jpg,boston_bull
boston_bull/boston_bull58.jpg,boston_bull
boston_bull/boston_bull67.jpg,boston_bull
boston_bull/boston_bull8.jpg,boston_bull
bouvier_des_flandres/bouvier_des_flandres16.jpg,bouvier_des_flandres
bouvier_des_flandres/bouvier_des_flandres20.jpg,bouvier_des_flandres
bouvier_des_flandres/bouvier_des_flandres32.jpg,bouvier_des_flandres
bouvier_des_flandres/bouvier_des_flandres54.jpg,bouvier_des_flandres
bouvier_des_flandres/bouvier_des_flandres55.jpg,bouvier_des_flandres
bouvier_des_flandres/bouvier_des_flandres58.jpg,bouvier_des_flandres
bouvier_des_flandres/bouvier_des_flandres67.jpg,bouvier_des_flandres
bouvier_des_flandres/bouvier_des_flandres79.jpg,bouvier_des_flandres
bouvier_des_flandres/bouvier_des_flandres16.jpg,bouvier_des_flandres
bouvier_des_flandres/bouvier_des_flandres20.jpg,bouvier_des_flandres
bouvier_des_flandres/bouvier_des_flandres32.jpg,bouvier_des_flandres
bouvier_des_flandres/bouvier_des_flandres54.jpg,bouvier_des_flandres
bouvier_des_flandres/bouvier_des_flandres55.jpg,bouvier_des_flandres
bouvier_des_flandres/bouvier_des_flandres58.jpg,bouvier_des_flandres
bouvier_des_flandres/bouvier_des_flandres67.jpg,bouvier_des_flandres
bouvier_des_flandres/bouvier_des_flandres79.jpg,bouvier_des_flandres
brabancon_griffon/brabancon_griffon20.jpg,brabancon_griffon
brabancon_griffon/brabancon_griffon26.jpg,brabancon_griffon
brabancon_griffon/brabancon_griffon31.jpg,brabancon_griffon
brabancon_griffon/brabancon_griffon49.jpg,brabancon_griffon
brabancon_griffon/brabancon_griffon52.jpg,brabancon_griffon
brabancon_griffon/brabancon_griffon7.jpg,brabancon_griffon
brabancon_griffon/brabancon_griffon20.jpg,brabancon_griffon
brabancon_griffon/brabancon_griffon26.jpg,brabancon_griffon
brabancon_griffon/brabancon_griffon31.jpg,brabancon_griffon
brabancon_griffon/brabancon_griffon49.jpg,brabancon_griffon
brabancon_griffon/brabancon_griffon52.jpg,brabancon_griffon
brabancon_griffon/brabancon_griffon7.jpg,brabancon_griffon
bull_mastiff/bull_mastiff20.jpg,bull_mastiff
bull_mastiff/bull_mastiff31.jpg,bull_mastiff
bull_mastiff/bull_mastiff32.jpg,bull_mastiff
bull_mastiff/bull_mastiff45.jpg,bull_mastiff
bull_mastiff/bull_mastiff56.jpg,bull_mastiff
bull_mastiff/bull_mastiff58.jpg,bull_mastiff
bull_mastiff/bull_mastiff71.jpg,bull_mastiff
bull_mastiff/bull_mastiff20.jpg,bull_mastiff
bull_mastiff/bull_mastiff31.jpg,bull_mastiff
bull_mastiff/bull_mastiff32.jpg,bull_mastiff
bull_mastiff/bull_mastiff45.jpg,bull_mastiff
bull_mastiff/bull_mastiff56.jpg,bull_mastiff
bull_mastiff/bull_mastiff58.jpg,bull_mastiff
bull_mastiff/bull_mastiff71.jpg,bull_mastiff
cairn/cairn15.jpg,cairn
cairn/cairn27.jpg,cairn
cairn/cairn39.jpg,cairn
cairn/cairn49.jpg,cairn
cairn/cairn5.jpg,cairn
cairn/cairn52.jpg,cairn
cairn/cairn8.jpg,cairn
cairn/cairn84.jpg,cairn
cairn/cairn89.jpg,cairn
cairn/cairn9.jpg,cairn
cairn/cairn15.jpg,cairn
cairn/cairn27.jpg,cairn
cairn/cairn39.jpg,cairn
cairn/cairn49.jpg,cairn
cairn/cairn5.jpg,cairn
cairn/cairn52.jpg,cairn
cairn/cairn8.jpg,cairn
cairn/cairn84.jpg,cairn
cairn/cairn89.jpg,cairn
cairn/cairn9.jpg,cairn
cardigan/cardigan20.jpg,cardigan
cardigan/cardigan31.jpg,cardigan
cardigan/cardigan32.jpg,cardigan
cardigan/cardigan45.jpg,cardigan
cardigan/cardigan56.jpg,cardigan
cardigan/cardigan58.jpg,cardigan
cardigan/cardigan71.jpg,cardigan
cardigan/cardigan20.jpg,cardigan
cardigan/cardigan31.jpg,cardigan
cardigan/cardigan32.jpg,cardigan
cardigan/cardigan45.jpg,cardigan
cardigan/cardigan56.jpg,cardigan
cardigan/cardigan58.jpg,cardigan
cardigan/cardigan71.jpg,cardigan
chesapeake_bay_retriever/chesapeake_bay_retriever16.jpg,chesapeake_bay_retriever
chesapeake_bay_retriever/chesapeake_bay_retriever20.jpg,chesapeake_bay_retriever
chesapeake_bay_retriever/chesapeake_bay_retriever32.jpg,chesapeake_bay_retriever
chesapeake_bay_retriever/chesapeake_bay_retriever44.jpg,chesapeake_bay_retriever
chesapeake_bay_retriever/chesapeake_bay_retriever54.jpg,chesapeake_bay_retriever
chesapeake_bay_retriever/chesapeake_bay_retriever55.jpg,chesapeake_bay_retriever
chesapeake_bay_retriever/chesapeake_bay_retriever58.jpg,chesapeake_bay_retriever
chesapeake_bay_retriever/chesapeake_bay_retriever8.jpg,chesapeake_bay_retriever
chesapeake_bay_retriever/chesapeake_bay_retriever16.jpg,chesapeake_bay_retriever
chesapeake_bay_retriever/chesapeake_bay_retriever20.jpg,chesapeake_bay_retriever
chesapeake_bay_retriever/chesapeake_bay_retriever32.jpg,chesapeake_bay_retriever
chesapeake_bay_retriever/chesapeake_bay_retriever44.jpg,chesapeake_bay_retriever
chesapeake_bay_retriever/chesapeake_bay_retriever54.jpg,chesapeake_bay_retriever
chesapeake_bay_retriever/chesapeake_bay_retriever55.jpg,chesapeake_bay_retriever
chesapeake_bay_retriever/chesapeake_bay_retriever58.jpg,chesapeake_bay_retriever
chesapeake_bay_retriever/chesapeake_bay_retriever8.jpg,chesapeake_bay_retriever
chow/chow16.jpg,chow
chow/chow20.jpg,chow
chow/chow32.jpg,chow
chow/chow44.jpg,chow
chow/chow54.jpg,chow
chow/chow55.jpg,chow
chow/chow58.jpg,chow
chow/chow83.jpg,chow
chow/chow9.jpg,chow
chow/chow16.jpg,chow
chow/chow20.jpg,chow
chow/chow32.jpg,chow
chow/chow44.jpg,chow
chow/chow54.jpg,chow
chow/chow55.jpg,chow
chow/chow58.jpg,chow
chow/chow83.jpg,chow
chow/chow9.jpg,chow
clumber/clumber20.jpg,clumber
clumber/clumber32.jpg,clumber
clumber/clumber44.jpg,clumber
clumber/clumber54.jpg,clumber
clumber/clumber55.jpg,clumber
clumber/clumber58.jpg,clumber
clumber/clumber73.jpg,clumber
clumber/clumber79.jpg,clumber
clumber/clumber20.jpg,clumber
clumber/clumber32.jpg,clumber
clumber/clumber44.jpg,clumber
clumber/clumber54.jpg,clumber
clumber/clumber55.jpg,clumber
clumber/clumber58.jpg,clumber
clumber/clumber73.jpg,clumber
clumber/clumber79.jpg,clumber
cocker_spaniel/cocker_spaniel20.jpg,cocker_spaniel
cocker_spaniel/cocker_spaniel31.jpg,cocker_spaniel
cocker_spaniel/cocker_spaniel32.jpg,cocker_spaniel
cocker_spaniel/cocker_spaniel33.jpg,cocker_spaniel
cocker_spaniel/cocker_spaniel45.jpg,cocker_spaniel
cocker_spaniel/cocker_spaniel56.jpg,cocker_spaniel
cocker_spaniel/cocker_spaniel9.jpg,cocker_spaniel
cocker_spaniel/cocker_spaniel20.jpg,cocker_spaniel
cocker_spaniel/cocker_spaniel31.jpg,cocker_spaniel
cocker_spaniel/cocker_spaniel32.jpg,cocker_spaniel
cocker_spaniel/cocker_spaniel33.jpg,cocker_spaniel
cocker_spaniel/cocker_spaniel45.jpg,cocker_spaniel
cocker_spaniel/cocker_spaniel56.jpg,cocker_spaniel
cocker_spaniel/cocker_spaniel9.jpg,cocker_spaniel
collie/collie16.jpg,collie
collie/collie20.jpg,collie
collie/collie32.jpg,collie
collie/collie54.jpg,collie
collie/collie55.jpg,collie
collie/collie58.jpg,collie
collie/collie67.jpg,collie
collie/collie8.jpg,collie
collie/collie16.jpg,collie
collie/collie20.jpg,collie
collie/collie32.jpg,collie
collie/collie54.jpg,collie
collie/collie55.jpg,collie
collie/collie58.jpg,collie
collie/collie67.jpg,collie
collie/collie8.jpg,collie
curly-coated_retriever/curly-coated_retriever14.jpg,curly-coated_retriever
curly-coated_retriever/curly-coated_retriever3.jpg,curly-coated_retriever
curly-coated_retriever/curly-coated_retriever32.jpg,curly-coated_retriever
curly-coated_retriever/curly-coated_retriever52.jpg,curly-coated_retriever
curly-coated_retriever/curly-coated_retriever59.jpg,curly-coated_retriever
curly-coated_retriever/curly-coated_retriever61.jpg,curly-coated_retriever
curly-coated_retriever/curly-coated_retriever9.jpg,curly-coated_retriever
curly-coated_retriever/curly-coated_retriever14.jpg,curly-coated_retriever
curly-coated_retriever/curly-coated_retriever3.jpg,curly-coated_retriever
curly-coated_retriever/curly-coated_retriever32.jpg,curly-coated_retriever
curly-coated_retriever/curly-coated_retriever52.jpg,curly-coated_retriever
curly-coated_retriever/curly-coated_retriever59.jpg,curly-coated_retriever
curly-coated_retriever/curly-coated_retriever61.jpg,curly-coated_retriever
curly-coated_retriever/curly-coated_retriever9.jpg,curly-coated_retriever
dhole/dhole20.jpg,dhole
dhole/dhole31.jpg,dhole
dhole/dhole32.jpg,dhole
dhole/dhole45.jpg,dhole
dhole/dhole56.jpg,dhole
dhole/dhole58.jpg,dhole
dhole/dhole71.jpg,dhole
dhole/dhole20.jpg,dhole
dhole/dhole31.jpg,dhole
dhole/dhole32.jpg,dhole
dhole/dhole45.jpg,dhole
dhole/dhole56.jpg,dhole
dhole/dhole58.jpg,dhole
dhole/dhole71.jpg,dhole
dingo/dingo20.jpg,dingo
dingo/dingo32.jpg,dingo
dingo/dingo44.jpg,dingo
dingo/dingo54.jpg,dingo
dingo/dingo55.jpg,dingo
dingo/dingo58.jpg,dingo
dingo/dingo73.jpg,dingo
dingo/dingo79.jpg,dingo
dingo/dingo20.jpg,dingo
dingo/dingo32.jpg,dingo
dingo/dingo44.jpg,dingo
dingo/dingo54.jpg,dingo
dingo/dingo55.jpg,dingo
dingo/dingo58.jpg,dingo
dingo/dingo73.jpg,dingo
dingo/dingo79.jpg,dingo
doberman/doberman20.jpg,doberman
doberman/doberman31.jpg,doberman
doberman/doberman32.jpg,doberman
doberman/doberman33.jpg,doberman
doberman/doberman45.jpg,doberman
doberman/doberman56.jpg,doberman
doberman/doberman9.jpg,doberman
doberman/doberman20.jpg,doberman
doberman/doberman31.jpg,doberman
doberman/doberman32.jpg,doberman
doberman/doberman33.jpg,doberman
doberman/doberman45.jpg,doberman
doberman/doberman56.jpg,doberman
doberman/doberman9.jpg,doberman
english_foxhound/english_foxhound16.jpg,english_foxhound
english_foxhound/english_foxhound20.jpg,english_foxhound
english_foxhound/english_foxhound32.jpg,english_foxhound
english_foxhound/english_foxhound54.jpg,english_foxhound
english_foxhound/english_foxhound55.jpg,english_foxhound
english_foxhound/english_foxhound58.jpg,english_foxhound
english_foxhound/english_foxhound67.jpg,english_foxhound
english_foxhound/english_foxhound79.jpg,english_foxhound
english_foxhound/english_foxhound16.jpg,english_foxhound
english_foxhound/english_foxhound20.jpg,english_foxhound
english_foxhound/english_foxhound32.jpg,english_foxhound
english_foxhound/english_foxhound54.jpg,english_foxhound
english_foxhound/english_foxhound55.jpg,english_foxhound
english_foxhound/english_foxhound58.jpg,english_foxhound
english_foxhound/english_foxhound67.jpg,english_foxhound
english_foxhound/english_foxhound79.jpg,english_foxhound
english_setter/english_setter16.jpg,english_setter
english_setter/english_setter20.jpg,english_setter
english_setter/english_setter32.jpg,english_setter
english_setter/english_setter44.jpg,english_setter
english_setter/english_setter54.jpg,english_setter
english_setter/english_setter55.jpg,english_setter
english_setter/english_setter58.jpg,english_setter
english_setter/english_setter8.jpg,english_setter
english_setter/english_setter16.jpg,english_setter
english_setter/english_setter20.jpg,english_setter
english_setter/english_setter32.jpg,english_setter
english_setter/english_setter44.jpg,english_setter
english_setter/english_setter54.jpg,english_setter
english_setter/english_setter55.jpg,english_setter
english_setter/english_setter58.jpg,english_setter
english_setter/english_setter8.jpg,english_setter
entlebucher/entlebucher11.jpg,entlebucher
entlebucher/entlebucher19.jpg,entlebucher
entlebucher/entlebucher30.jpg,entlebucher
entlebucher/entlebucher40.jpg,entlebucher
entlebucher/entlebucher44.jpg,entlebucher
entlebucher/entlebucher69.jpg,entlebucher
entlebucher/entlebucher71.jpg,entlebucher
entlebucher/entlebucher76.jpg,entlebucher
entlebucher/entlebucher86.jpg,entlebucher
entlebucher/entlebucher87.jpg,entlebucher
entlebucher/entlebucher96.jpg,entlebucher
entlebucher/entlebucher11.jpg,entlebucher
entlebucher/entlebucher19.jpg,entlebucher
entlebucher/entlebucher30.jpg,entlebucher
entlebucher/entlebucher40.jpg,entlebucher
entlebucher/entlebucher44.jpg,entlebucher
entlebucher/entlebucher69.jpg,entlebucher
entlebucher/entlebucher71.jpg,entlebucher
entlebucher/entlebucher76.jpg,entlebucher
entlebucher/entlebucher86.jpg,entlebucher
entlebucher/entlebucher87.jpg,entlebucher
entlebucher/entlebucher96.jpg,entlebucher
flat-coated_retriever/flat-coated_retriever14.jpg,flat-coated_retriever
flat-coated_retriever/flat-coated_retriever3.jpg,flat-coated_retriever
flat-coated_retriever/flat-coated_retriever32.jpg,flat-coated_retriever
flat-coated_retriever/flat-coated_retriever52.jpg,flat-coated_retriever
flat-coated_retriever/flat-coated_retriever59.jpg,flat-coated_retriever
flat-coated_retriever/flat-coated_retriever61.jpg,flat-coated_retriever
flat-coated_retriever/flat-coated_retriever9.jpg,flat-coated_retriever
flat-coated_retriever/flat-coated_retriever14.jpg,flat-coated_retriever
flat-coated_retriever/flat-coated_retriever3.jpg,flat-coated_retriever
flat-coated_retriever/flat-coated_retriever32.jpg,flat-coated_retriever
flat-coated_retriever/flat-coated_retriever52.jpg,flat-coated_retriever
flat-coated_retriever/flat-coated_retriever59.jpg,flat-coated_retriever
flat-coated_retriever/flat-coated_retriever61.jpg,flat-coated_retriever
flat-coated_retriever/flat-coated_retriever9.jpg,flat-coated_retriever
german_shepherd/german_shepherd20.jpg,german_shepherd
german_shepherd/german_shepherd31.jpg,german_shepherd
german_shepherd/german_shepherd49.jpg,german_shepherd
german_shepherd/german_shepherd52.jpg,german_shepherd
german_shepherd/german_shepherd59.jpg,german_shepherd
german_shepherd/german_shepherd68.jpg,german_shepherd
german_shepherd/german_shepherd20.jpg,german_shepherd
german_shepherd/german_shepherd31.jpg,german_shepherd
german_shepherd/german_shepherd49.jpg,german_shepherd
german_shepherd/german_shepherd52.jpg,german_shepherd
german_shepherd/german_shepherd59.jpg,german_shepherd
german_shepherd/german_shepherd68.jpg,german_shepherd
german_short-haired_pointer/german_short-haired_pointer20.jpg,german_short-haired_pointer
german_short-haired_pointer/german_short-haired_pointer31.jpg,german_short-haired_pointer
german_short-haired_pointer/german_short-haired_pointer32.jpg,german_short-haired_pointer
german_short-haired_pointer/german_short-haired_pointer45.jpg,german_short-haired_pointer
german_short-haired_pointer/german_short-haired_pointer56.jpg,german_short-haired_pointer
german_short-haired_pointer/german_short-haired_pointer58.jpg,german_short-haired_pointer
german_short-haired_pointer/german_short-haired_pointer71.jpg,german_short-haired_pointer
german_short-haired_pointer/german_short-haired_pointer20.jpg,german_short-haired_pointer
german_short-haired_pointer/german_short-haired_pointer31.jpg,german_short-haired_pointer
german_short-haired_pointer/german_short-haired_pointer32.jpg,german_short-haired_pointer
german_short-haired_pointer/german_short-haired_pointer45.jpg,german_short-haired_pointer
german_short-haired_pointer/german_short-haired_pointer56.jpg,german_short-haired_pointer
german_short-haired_pointer/german_short-haired_pointer58.jpg,german_short-haired_pointer
german_short-haired_pointer/german_short-haired_pointer71.jpg,german_short-haired_pointer
golden_retriever/golden_retriever20.jpg,golden_retriever
golden_retriever/golden_retriever26.jpg,golden_retriever
golden_retriever/golden_retriever31.jpg,golden_retriever
golden_retriever/golden_retriever49.jpg,golden_retriever
golden_retriever/golden_retriever52.jpg,golden_retriever
golden_retriever/golden_retriever7.jpg,golden_retriever
golden_retriever/golden_retriever20.jpg,golden_retriever
golden_retriever/golden_retriever26.jpg,golden_retriever
golden_retriever/golden_retriever31.jpg,golden_retriever
golden_retriever/golden_retriever49.jpg,golden_retriever
golden_retriever/golden_retriever52.jpg,golden_retriever
golden_retriever/golden_retriever7.jpg,golden_retriever
gordon_setter/gordon_setter16.jpg,gordon_setter
gordon_setter/gordon_setter20.jpg,gordon_setter
gordon_setter/gordon_setter32.jpg,gordon_setter
gordon_setter/gordon_setter44.jpg,gordon_setter
gordon_setter/gordon_setter54.jpg,gordon_setter
gordon_setter/gordon_setter55.jpg,gordon_setter
gordon_setter/gordon_setter58.jpg,gordon_setter
gordon_setter/gordon_setter74.jpg,gordon_setter
gordon_setter/gordon_setter16.jpg,gordon_setter
gordon_setter/gordon_setter20.jpg,gordon_setter
gordon_setter/gordon_setter32.jpg,gordon_setter
gordon_setter/gordon_setter44.jpg,gordon_setter
gordon_setter/gordon_setter54.jpg,gordon_setter
gordon_setter/gordon_setter55.jpg,gordon_setter
gordon_setter/gordon_setter58.jpg,gordon_setter
gordon_setter/gordon_setter74.jpg,gordon_setter
great_dane/great_dane20.jpg,great_dane
great_dane/great_dane31.jpg,great_dane
great_dane/great_dane32.jpg,great_dane
great_dane/great_dane45.jpg,great_dane
great_dane/great_dane56.jpg,great_dane
great_dane/great_dane58.jpg,great_dane
great_dane/great_dane71.jpg,great_dane
great_dane/great_dane20.jpg,great_dane
great_dane/great_dane31.jpg,great_dane
great_dane/great_dane32.jpg,great_dane
great_dane/great_dane45.jpg,great_dane
great_dane/great_dane56.jpg,great_dane
great_dane/great_dane58.jpg,great_dane
great_dane/great_dane71.jpg,great_dane
great_pyrenees/great_pyrenees11.jpg,great_pyrenees
great_pyrenees/great_pyrenees22.jpg,great_pyrenees
great_pyrenees/great_pyrenees34.jpg,great_pyrenees
great_pyrenees/great_pyrenees44.jpg,great_pyrenees
great_pyrenees/great_pyrenees45.jpg,great_pyrenees
great_pyrenees/great_pyrenees48.jpg,great_pyrenees
great_pyrenees/great_pyrenees75.jpg,great_pyrenees
great_pyrenees/great_pyrenees8.jpg,great_pyrenees
great_pyrenees/great_pyrenees88.jpg,great_pyrenees
great_pyrenees/great_pyrenees91.jpg,great_pyrenees
great_pyrenees/great_pyrenees96.jpg,great_pyrenees
great_pyrenees/great_pyrenees11.jpg,great_pyrenees
great_pyrenees/great_pyrenees22.jpg,great_pyrenees
great_pyrenees/great_pyrenees34.jpg,great_pyrenees
great_pyrenees/great_pyrenees44.jpg,great_pyrenees
great_pyrenees/great_pyrenees45.jpg,great_pyrenees
great_pyrenees/great_pyrenees48.jpg,great_pyrenees
great_pyrenees/great_pyrenees75.jpg,great_pyrenees
great_pyrenees/great_pyrenees8.jpg,great_pyrenees
great_pyrenees/great_pyrenees88.jpg,great_pyrenees
great_pyrenees/great_pyrenees91.jpg,great_pyrenees
great_pyrenees/great_pyrenees96.jpg,great_pyrenees
groenendael/groenendael16.jpg,groenendael
groenendael/groenendael20.jpg,groenendael
groenendael/groenendael32.jpg,groenendael
groenendael/groenendael44.jpg,groenendael
groenendael/groenendael54.jpg,groenendael
groenendael/groenendael55.jpg,groenendael
groenendael/groenendael58.jpg,groenendael
groenendael/groenendael8.jpg,groenendael
groenendael/groenendael16.jpg,groenendael
groenendael/groenendael20.jpg,groenendael
groenendael/groenendael32.jpg,groenendael
groenendael/groenendael44.jpg,groenendael
groenendael/groenendael54.jpg,groenendael
groenendael/groenendael55.jpg,groenendael
groenendael/groenendael58.jpg,groenendael
groenendael/groenendael8.jpg,groenendael
ibizan_hound/ibizan_hound16.jpg,ibizan_hound
ibizan_hound/ibizan_hound20.jpg,ibizan_hound
ibizan_hound/ibizan_hound32.jpg,ibizan_hound
ibizan_hound/ibizan_hound44.jpg,ibizan_hound
ibizan_hound/ibizan_hound54.jpg,ibizan_hound
ibizan_hound/ibizan_hound55.jpg,ibizan_hound
ibizan_hound/ibizan_hound58.jpg,ibizan_hound
ibizan_hound/ibizan_hound67.jpg,ibizan_hound
ibizan_hound/ibizan_hound83.jpg,ibizan_hound
ibizan_hound/ibizan_hound16.jpg,ibizan_hound
ibizan_hound/ibizan_hound20.jpg,ibizan_hound
ibizan_hound/ibizan_hound32.jpg,ibizan_hound
ibizan_hound/ibizan_hound44.jpg,ibizan_hound
ibizan_hound/ibizan_hound54.jpg,ibizan_hound
ibizan_hound/ibizan_hound55.jpg,ibizan_hound
ibizan_hound/ibizan_hound58.jpg,ibizan_hound
ibizan_hound/ibizan_hound67.jpg,ibizan_hound
ibizan_hound/ibizan_hound83.jpg,ibizan_hound
irish_setter/irish_setter16.jpg,irish_setter
irish_setter/irish_setter20.jpg,irish_setter
irish_setter/irish_setter32.jpg,irish_setter
irish_setter/irish_setter54.jpg,irish_setter
irish_setter/irish_setter55.jpg,irish_setter
irish_setter/irish_setter58.jpg,irish_setter
irish_setter/irish_setter67.jpg,irish_setter
irish_setter/irish_setter9.jpg,irish_setter
irish_setter/irish_setter16.jpg,irish_setter
irish_setter/irish_setter20.jpg,irish_setter
irish_setter/irish_setter32.jpg,irish_setter
irish_setter/irish_setter54.jpg,irish_setter
irish_setter/irish_setter55.jpg,irish_setter
irish_setter/irish_setter58.jpg,irish_setter
irish_setter/irish_setter67.jpg,irish_setter
irish_setter/irish_setter9.jpg,irish_setter
irish_terrier/irish_terrier16.jpg,irish_terrier
irish_terrier/irish_terrier20.jpg,irish_terrier
irish_terrier/irish_terrier32.jpg,irish_terrier
irish_terrier/irish_terrier44.jpg,irish_terrier
irish_terrier/irish_terrier54.jpg,irish_terrier
irish_terrier/irish_terrier55.jpg,irish_terrier
irish_terrier/irish_terrier58.jpg,irish_terrier
irish_terrier/irish_terrier8.jpg,irish_terrier
irish_terrier/irish_terrier16.jpg,irish_terrier
irish_terrier/irish_terrier20.jpg,irish_terrier
irish_terrier/irish_terrier32.jpg,irish_terrier
irish_terrier/irish_terrier44.jpg,irish_terrier
irish_terrier/irish_terrier54.jpg,irish_terrier
irish_terrier/irish_terrier55.jpg,irish_terrier
irish_terrier/irish_terrier58.jpg,irish_terrier
irish_terrier/irish_terrier8.jpg,irish_terrier
irish_water_spaniel/irish_water_spaniel20.jpg,irish_water_spaniel
irish_water_spaniel/irish_water_spaniel32.jpg,irish_water_spaniel
irish_water_spaniel/irish_water_spaniel54.jpg,irish_water_spaniel
irish_water_spaniel/irish_water_spaniel55.jpg,irish_water_spaniel
irish_water_spaniel/irish_water_spaniel58.jpg,irish_water_spaniel
irish_water_spaniel/irish_water_spaniel60.jpg,irish_water_spaniel
irish_water_spaniel/irish_water_spaniel72.jpg,irish_water_spaniel
irish_water_spaniel/irish_water_spaniel20.jpg,irish_water_spaniel
irish_water_spaniel/irish_water_spaniel32.jpg,irish_water_spaniel
irish_water_spaniel/irish_water_spaniel54.jpg,irish_water_spaniel
irish_water_spaniel/irish_water_spaniel55.jpg,irish_water_spaniel
irish_water_spaniel/irish_water_spaniel58.jpg,irish_water_spaniel
irish_water_spaniel/irish_water_spaniel60.jpg,irish_water_spaniel
irish_water_spaniel/irish_water_spaniel72.jpg,irish_water_spaniel
irish_wolfhound/irish_wolfhound2.jpg,irish_wolfhound
irish_wolfhound/irish_wolfhound31.jpg,irish_wolfhound
irish_wolfhound/irish_wolfhound43.jpg,irish_wolfhound
irish_wolfhound/irish_wolfhound53.jpg,irish_wolfhound
irish_wolfhound/irish_wolfhound54.jpg,irish_wolfhound
irish_wolfhound/irish_wolfhound57.jpg,irish_wolfhound
irish_wolfhound/irish_wolfhound84.jpg,irish_wolfhound
irish_wolfhound/irish_wolfhound89.jpg,irish_wolfhound
irish_wolfhound/irish_wolfhound96.jpg,irish_wolfhound
irish_wolfhound/irish_wolfhound97.jpg,irish_wolfhound
irish_wolfhound/irish_wolfhound2.jpg,irish_wolfhound
irish_wolfhound/irish_wolfhound31.jpg,irish_wolfhound
irish_wolfhound/irish_wolfhound43.jpg,irish_wolfhound
irish_wolfhound/irish_wolfhound53.jpg,irish_wolfhound
irish_wolfhound/irish_wolfhound54.jpg,irish_wolfhound
irish_wolfhound/irish_wolfhound57.jpg,irish_wolfhound
irish_wolfhound/irish_wolfhound84.jpg,irish_wolfhound
irish_wolfhound/irish_wolfhound89.jpg,irish_wolfhound
irish_wolfhound/irish_wolfhound96.jpg,irish_wolfhound
irish_wolfhound/irish_wolfhound97.jpg,irish_wolfhound
japanese_spaniel/japanese_spaniel16.jpg,japanese_spaniel
japanese_spaniel/japanese_spaniel28.jpg,japanese_spaniel
japanese_spaniel/japanese_spaniel4.jpg,japanese_spaniel
japanese_spaniel/japanese_spaniel5.jpg,japanese_spaniel
japanese_spaniel/japanese_spaniel53.jpg,japanese_spaniel
japanese_spaniel/japanese_spaniel80.jpg,japanese_spaniel
japanese_spaniel/japanese_spaniel85.jpg,japanese_spaniel
japanese_spaniel/japanese_spaniel9.jpg,japanese_spaniel
japanese_spaniel/japanese_spaniel93.jpg,japanese_spaniel
japanese_spaniel/japanese_spaniel96.jpg,japanese_spaniel
japanese_spaniel/japanese_spaniel16.jpg,japanese_spaniel
japanese_spaniel/japanese_spaniel28.jpg,japanese_spaniel
japanese_spaniel/japanese_spaniel4.jpg,japanese_spaniel
japanese_spaniel/japanese_spaniel5.jpg,japanese_spaniel
japanese_spaniel/japanese_spaniel53.jpg,japanese_spaniel
japanese_spaniel/japanese_spaniel80.jpg,japanese_spaniel
japanese_spaniel/japanese_spaniel85.jpg,japanese_spaniel
japanese_spaniel/japanese_spaniel9.jpg,japanese_spaniel
japanese_spaniel/japanese_spaniel93.jpg,japanese_spaniel
japanese_spaniel/japanese_spaniel96.jpg,japanese_spaniel
keeshond/keeshond16.jpg,keeshond
keeshond/keeshond20.jpg,keeshond
keeshond/keeshond32.jpg,keeshond
keeshond/keeshond44.jpg,keeshond
keeshond/keeshond54.jpg,keeshond
keeshond/keeshond55.jpg,keeshond
keeshond/keeshond58.jpg,keeshond
keeshond/keeshond74.jpg,keeshond
keeshond/keeshond16.jpg,keeshond
keeshond/keeshond20.jpg,keeshond
keeshond/keeshond32.jpg,keeshond
keeshond/keeshond44.jpg,keeshond
keeshond/keeshond54.jpg,keeshond
keeshond/keeshond55.jpg,keeshond
keeshond/keeshond58.jpg,keeshond
keeshond/keeshond74.jpg,keeshond
kerry_blue_terrier/kerry_blue_terrier16.jpg,kerry_blue_terrier
kerry_blue_terrier/kerry_blue_terrier20.jpg,kerry_blue_terrier
kerry_blue_terrier/kerry_blue_terrier32.jpg,kerry_blue_terrier
kerry_blue_terrier/kerry_blue_terrier44.jpg,kerry_blue_terrier
kerry_blue_terrier/kerry_blue_terrier54.jpg,kerry_blue_terrier
kerry_blue_terrier/kerry_blue_terrier55.jpg,kerry_blue_terrier
kerry_blue_terrier/kerry_blue_terrier58.jpg,kerry_blue_terrier
kerry_blue_terrier/kerry_blue_terrier8.jpg,kerry_blue_terrier
kerry_blue_terrier/kerry_blue_terrier16.jpg,kerry_blue_terrier
kerry_blue_terrier/kerry_blue_terrier20.jpg,kerry_blue_terrier
kerry_blue_terrier/kerry_blue_terrier32.jpg,kerry_blue_terrier
kerry_blue_terrier/kerry_blue_terrier44.jpg,kerry_blue_terrier
kerry_blue_terrier/kerry_blue_terrier54.jpg,kerry_blue_terrier
kerry_blue_terrier/kerry_blue_terrier55.jpg,kerry_blue_terrier
kerry_blue_terrier/kerry_blue_terrier58.jpg,kerry_blue_terrier
kerry_blue_terrier/kerry_blue_terrier8.jpg,kerry_blue_terrier
komondor/komondor20.jpg,komondor
komondor/komondor26.jpg,komondor
komondor/komondor31.jpg,komondor
komondor/komondor49.jpg,komondor
komondor/komondor52.jpg,komondor
komondor/komondor7.jpg,komondor
komondor/komondor20.jpg,komondor
komondor/komondor26.jpg,komondor
komondor/komondor31.jpg,komondor
komondor/komondor49.jpg,komondor
komondor/komondor52.jpg,komondor
komondor/komondor7.jpg,komondor
kuvasz/kuvasz14.jpg,kuvasz
kuvasz/kuvasz20.jpg,kuvasz
kuvasz/kuvasz3.jpg,kuvasz
kuvasz/kuvasz49.jpg,kuvasz
kuvasz/kuvasz52.jpg,kuvasz
kuvasz/kuvasz59.jpg,kuvasz
kuvasz/kuvasz7.jpg,kuvasz
kuvasz/kuvasz14.jpg,kuvasz
kuvasz/kuvasz20.jpg,kuvasz
kuvasz/kuvasz3.jpg,kuvasz
kuvasz/kuvasz49.jpg,kuvasz
kuvasz/kuvasz52.jpg,kuvasz
kuvasz/kuvasz59.jpg,kuvasz
kuvasz/kuvasz7.jpg,kuvasz
labrador_retriever/labrador_retriever16.jpg,labrador_retriever
labrador_retriever/labrador_retriever20.jpg,labrador_retriever
labrador_retriever/labrador_retriever32.jpg,labrador_retriever
labrador_retriever/labrador_retriever44.jpg,labrador_retriever
labrador_retriever/labrador_retriever54.jpg,labrador_retriever
labrador_retriever/labrador_retriever55.jpg,labrador_retriever
labrador_retriever/labrador_retriever58.jpg,labrador_retriever
labrador_retriever/labrador_retriever77.jpg,labrador_retriever
labrador_retriever/labrador_retriever16.jpg,labrador_retriever
labrador_retriever/labrador_retriever20.jpg,labrador_retriever
labrador_retriever/labrador_retriever32.jpg,labrador_retriever
labrador_retriever/labrador_retriever44.jpg,labrador_retriever
labrador_retriever/labrador_retriever54.jpg,labrador_retriever
labrador_retriever/labrador_retriever55.jpg,labrador_retriever
labrador_retriever/labrador_retriever58.jpg,labrador_retriever
labrador_retriever/labrador_retriever77.jpg,labrador_retriever
leonberg/leonberg15.jpg,leonberg
leonberg/leonberg27.jpg,leonberg
leonberg/leonberg39.jpg,leonberg
leonberg/leonberg49.jpg,leonberg
leonberg/leonberg5.jpg,leonberg
leonberg/leonberg52.jpg,leonberg
leonberg/leonberg8.jpg,leonberg
leonberg/leonberg84.jpg,leonberg
leonberg/leonberg89.jpg,leonberg
leonberg/leonberg9.jpg,leonberg
leonberg/leonberg15.jpg,leonberg
leonberg/leonberg27.jpg,leonberg
leonberg/leonberg39.jpg,leonberg
leonberg/leonberg49.jpg,leonberg
leonberg/leonberg5.jpg,leonberg
leonberg/leonberg52.jpg,leonberg
leonberg/leonberg8.jpg,leonberg
leonberg/leonberg84.jpg,leonberg
leonberg/leonberg89.jpg,leonberg
leonberg/leonberg9.jpg,leonberg
lhasa/lhasa16.jpg,lhasa
lhasa/lhasa20.jpg,lhasa
lhasa/lhasa32.jpg,lhasa
lhasa/lhasa44.jpg,lhasa
lhasa/lhasa54.jpg,lhasa
lhasa/lhasa55.jpg,lhasa
lhasa/lhasa58.jpg,lhasa
lhasa/lhasa81.jpg,lhasa
lhasa/lhasa88.jpg,lhasa
lhasa/lhasa16.jpg,lhasa
lhasa/lhasa20.jpg,lhasa
lhasa/lhasa32.jpg,lhasa
lhasa/lhasa44.jpg,lhasa
lhasa/lhasa54.jpg,lhasa
lhasa/lhasa55.jpg,lhasa
lhasa/lhasa58.jpg,lhasa
lhasa/lhasa81.jpg,lhasa
lhasa/lhasa88.jpg,lhasa
malamute/malamute16.jpg,malamute
malamute/malamute20.jpg,malamute
malamute/malamute32.jpg,malamute
malamute/malamute44.jpg,malamute
malamute/malamute54.jpg,malamute
malamute/malamute55.jpg,malamute
malamute/malamute58.jpg,malamute
malamute/malamute74.jpg,malamute
malamute/malamute16.jpg,malamute
malamute/malamute20.jpg,malamute
malamute/malamute32.jpg,malamute
malamute/malamute44.jpg,malamute
malamute/malamute54.jpg,malamute
malamute/malamute55.jpg,malamute
malamute/malamute58.jpg,malamute
malamute/malamute74.jpg,malamute
malinois/malinois14.jpg,malinois
malinois/malinois31.jpg,malinois
malinois/malinois32.jpg,malinois
malinois/malinois33.jpg,malinois
malinois/malinois45.jpg,malinois
malinois/malinois56.jpg,malinois
malinois/malinois7.jpg,malinois
malinois/malinois14.jpg,malinois
malinois/malinois31.jpg,malinois
malinois/malinois32.jpg,malinois
malinois/malinois33.jpg,malinois
malinois/malinois45.jpg,malinois
malinois/malinois56.jpg,malinois
malinois/malinois7.jpg,malinois
maltese_dog/maltese_dog11.jpg,maltese_dog
maltese_dog/maltese_dog17.jpg,maltese_dog
maltese_dog/maltese_dog29.jpg,maltese_dog
maltese_dog/maltese_dog39.jpg,maltese_dog
maltese_dog/maltese_dog42.jpg,maltese_dog
maltese_dog/maltese_dog7.jpg,maltese_dog
maltese_dog/maltese_dog74.jpg,maltese_dog
maltese_dog/maltese_dog81.jpg,maltese_dog
maltese_dog/maltese_dog85.jpg,maltese_dog
maltese_dog/maltese_dog86.jpg,maltese_dog
maltese_dog/maltese_dog96.jpg,maltese_dog
maltese_dog/maltese_dog11.jpg,maltese_dog
maltese_dog/maltese_dog17.jpg,maltese_dog
maltese_dog/maltese_dog29.jpg,maltese_dog
maltese_dog/maltese_dog39.jpg,maltese_dog
maltese_dog/maltese_dog42.jpg,maltese_dog
maltese_dog/maltese_dog7.jpg,maltese_dog
maltese_dog/maltese_dog74.jpg,maltese_dog
maltese_dog/maltese_dog81.jpg,maltese_dog
maltese_dog/maltese_dog85.jpg,maltese_dog
maltese_dog/maltese_dog86.jpg,maltese_dog
maltese_dog/maltese_dog96.jpg,maltese_dog
mexican_hairless/mexican_hairless20.jpg,mexican_hairless
mexican_hairless/mexican_hairless32.jpg,mexican_hairless
mexican_hairless/mexican_hairless44.jpg,mexican_hairless
mexican_hairless/mexican_hairless54.jpg,mexican_hairless
mexican_hairless/mexican_hairless55.jpg,mexican_hairless
mexican_hairless/mexican_hairless58.jpg,mexican_hairless
mexican_hairless/mexican_hairless73.jpg,mexican_hairless
mexican_hairless/mexican_hairless79.jpg,mexican_hairless
mexican_hairless/mexican_hairless20.jpg,mexican_hairless
mexican_hairless/mexican_hairless32.jpg,mexican_hairless
mexican_hairless/mexican_hairless44.jpg,mexican_hairless
mexican_hairless/mexican_hairless54.jpg,mexican_hairless
mexican_hairless/mexican_hairless55.jpg,mexican_hairless
mexican_hairless/mexican_hairless58.jpg,mexican_hairless
mexican_hairless/mexican_hairless73.jpg,mexican_hairless
mexican_hairless/mexican_hairless79.jpg,mexican_hairless
miniature_pinscher/miniature_pinscher19.jpg,miniature_pinscher
miniature_pinscher/miniature_pinscher30.jpg,miniature_pinscher
miniature_pinscher/miniature_pinscher42.jpg,miniature_pinscher
miniature_pinscher/miniature_pinscher52.jpg,miniature_pinscher
miniature_pinscher/miniature_pinscher53.jpg,miniature_pinscher
miniature_pinscher/miniature_pinscher56.jpg,miniature_pinscher
miniature_pinscher/miniature_pinscher83.jpg,miniature_pinscher
miniature_pinscher/miniature_pinscher9.jpg,miniature_pinscher
miniature_pinscher/miniature_pinscher96.jpg,miniature_pinscher
miniature_pinscher/miniature_pinscher97.jpg,miniature_pinscher
miniature_pinscher/miniature_pinscher19.jpg,miniature_pinscher
miniature_pinscher/miniature_pinscher30.jpg,miniature_pinscher
miniature_pinscher/miniature_pinscher42.jpg,miniature_pinscher
miniature_pinscher/miniature_pinscher52.jpg,miniature_pinscher
miniature_pinscher/miniature_pinscher53.jpg,miniature_pinscher
miniature_pinscher/miniature_pinscher56.jpg,miniature_pinscher
miniature_pinscher/miniature_pinscher83.jpg,miniature_pinscher
miniature_pinscher/miniature_pinscher9.jpg,miniature_pinscher
miniature_pinscher/miniature_pinscher96.jpg,miniature_pinscher
miniature_pinscher/miniature_pinscher97.jpg,miniature_pinscher
miniature_schnauzer/miniature_schnauzer20.jpg,miniature_schnauzer
miniature_schnauzer/miniature_schnauzer32.jpg,miniature_schnauzer
miniature_schnauzer/miniature_schnauzer54.jpg,miniature_schnauzer
miniature_schnauzer/miniature_schnauzer55.jpg,miniature_schnauzer
miniature_schnauzer/miniature_schnauzer58.jpg,miniature_schnauzer
miniature_schnauzer/miniature_schnauzer60.jpg,miniature_schnauzer
miniature_schnauzer/miniature_schnauzer72.jpg,miniature_schnauzer
miniature_schnauzer/miniature_schnauzer20.jpg,miniature_schnauzer
miniature_schnauzer/miniature_schnauzer32.jpg,miniature_schnauzer
miniature_schnauzer/miniature_schnauzer54.jpg,miniature_schnauzer
miniature_schnauzer/miniature_schnauzer55.jpg,miniature_schnauzer
miniature_schnauzer/miniature_schnauzer58.jpg,miniature_schnauzer
miniature_schnauzer/miniature_schnauzer60.jpg,miniature_schnauzer
miniature_schnauzer/miniature_schnauzer72.jpg,miniature_schnauzer
newfoundland/newfoundland16.jpg,newfoundland
newfoundland/newfoundland20.jpg,newfoundland
newfoundland/newfoundland32.jpg,newfoundland
newfoundland/newfoundland44.jpg,newfoundland
newfoundland/newfoundland54.jpg,newfoundland
newfoundland/newfoundland55.jpg,newfoundland
newfoundland/newfoundland58.jpg,newfoundland
newfoundland/newfoundland67.jpg,newfoundland
newfoundland/newfoundland83.jpg,newfoundland
newfoundland/newfoundland16.jpg,newfoundland
newfoundland/newfoundland20.jpg,newfoundland
newfoundland/newfoundland32.jpg,newfoundland
newfoundland/newfoundland44.jpg,newfoundland
newfoundland/newfoundland54.jpg,newfoundland
newfoundland/newfoundland55.jpg,newfoundland
newfoundland/newfoundland58.jpg,newfoundland
newfoundland/newfoundland67.jpg,newfoundland
newfoundland/newfoundland83.jpg,newfoundland
norfolk_terrier/norfolk_terrier16.jpg,norfolk_terrier
norfolk_terrier/norfolk_terrier20.jpg,norfolk_terrier
norfolk_terrier/norfolk_terrier32.jpg,norfolk_terrier
norfolk_terrier/norfolk_terrier44.jpg,norfolk_terrier
norfolk_terrier/norfolk_terrier54.jpg,norfolk_terrier
norfolk_terrier/norfolk_terrier55.jpg,norfolk_terrier
norfolk_terrier/norfolk_terrier58.jpg,norfolk_terrier
norfolk_terrier/norfolk_terrier8.jpg,norfolk_terrier
norfolk_terrier/norfolk_terrier16.jpg,norfolk_terrier
norfolk_terrier/norfolk_terrier20.jpg,norfolk_terrier
norfolk_terrier/norfolk_terrier32.jpg,norfolk_terrier
norfolk_terrier/norfolk_terrier44.jpg,norfolk_terrier
norfolk_terrier/norfolk_terrier54.jpg,norfolk_terrier
norfolk_terrier/norfolk_terrier55.jpg,norfolk_terrier
norfolk_terrier/norfolk_terrier58.jpg,norfolk_terrier
norfolk_terrier/norfolk_terrier8.jpg,norfolk_terrier
norwegian_elkhound/norwegian_elkhound16.jpg,norwegian_elkhound
norwegian_elkhound/norwegian_elkhound20.jpg,norwegian_elkhound
norwegian_elkhound/norwegian_elkhound32.jpg,norwegian_elkhound
norwegian_elkhound/norwegian_elkhound44.jpg,norwegian_elkhound
norwegian_elkhound/norwegian_elkhound54.jpg,norwegian_elkhound
norwegian_elkhound/norwegian_elkhound55.jpg,norwegian_elkhound
norwegian_elkhound/norwegian_elkhound58.jpg,norwegian_elkhound
norwegian_elkhound/norwegian_elkhound85.jpg,norwegian_elkhound
norwegian_elkhound/norwegian_elkhound91.jpg,norwegian_elkhound
norwegian_elkhound/norwegian_elkhound16.jpg,norwegian_elkhound
norwegian_elkhound/norwegian_elkhound20.jpg,norwegian_elkhound
norwegian_elkhound/norwegian_elkhound32.jpg,norwegian_elkhound
norwegian_elkhound/norwegian_elkhound44.jpg,norwegian_elkhound
norwegian_elkhound/norwegian_elkhound54.jpg,norwegian_elkhound
norwegian_elkhound/norwegian_elkhound55.jpg,norwegian_elkhound
norwegian_elkhound/norwegian_elkhound58.jpg,norwegian_elkhound
norwegian_elkhound/norwegian_elkhound85.jpg,norwegian_elkhound
norwegian_elkhound/norwegian_elkhound91.jpg,norwegian_elkhound
norwich_terrier/norwich_terrier20.jpg,norwich_terrier
norwich_terrier/norwich_terrier32.jpg,norwich_terrier
norwich_terrier/norwich_terrier54.jpg,norwich_terrier
norwich_terrier/norwich_terrier55.jpg,norwich_terrier
norwich_terrier/norwich_terrier58.jpg,norwich_terrier
norwich_terrier/norwich_terrier60.jpg,norwich_terrier
norwich_terrier/norwich_terrier72.jpg,norwich_terrier
norwich_terrier/norwich_terrier20.jpg,norwich_terrier
norwich_terrier/norwich_terrier32.jpg,norwich_terrier
norwich_terrier/norwich_terrier54.jpg,norwich_terrier
norwich_terrier/norwich_terrier55.jpg,norwich_terrier
norwich_terrier/norwich_terrier58.jpg,norwich_terrier
norwich_terrier/norwich_terrier60.jpg,norwich_terrier
norwich_terrier/norwich_terrier72.jpg,norwich_terrier
old_english_sheepdog/old_english_sheepdog16.jpg,old_english_sheepdog
old_english_sheepdog/old_english_sheepdog20.jpg,old_english_sheepdog
old_english_sheepdog/old_english_sheepdog32.jpg,old_english_sheepdog
old_english_sheepdog/old_english_sheepdog54.jpg,old_english_sheepdog
old_english_sheepdog/old_english_sheepdog55.jpg,old_english_sheepdog
old_english_sheepdog/old_english_sheepdog58.jpg,old_english_sheepdog
old_english_sheepdog/old_english_sheepdog67.jpg,old_english_sheepdog
old_english_sheepdog/old_english_sheepdog8.jpg,old_english_sheepdog
old_english_sheepdog/old_english_sheepdog16.jpg,old_english_sheepdog
old_english_sheepdog/old_english_sheepdog20.jpg,old_english_sheepdog
old_english_sheepdog/old_english_sheepdog32.jpg,old_english_sheepdog
old_english_sheepdog/old_english_sheepdog54.jpg,old_english_sheepdog
old_english_sheepdog/old_english_sheepdog55.jpg,old_english_sheepdog
old_english_sheepdog/old_english_sheepdog58.jpg,old_english_sheepdog
old_english_sheepdog/old_english_sheepdog67.jpg,old_english_sheepdog
old_english_sheepdog/old_english_sheepdog8.jpg,old_english_sheepdog
otterhound/otterhound20.jpg,otterhound
otterhound/otterhound31.jpg,otterhound
otterhound/otterhound49.jpg,otterhound
otterhound/otterhound52.jpg,otterhound
otterhound/otterhound59.jpg,otterhound
otterhound/otterhound68.jpg,otterhound
otterhound/otterhound20.jpg,otterhound
otterhound/otterhound31.jpg,otterhound
otterhound/otterhound49.jpg,otterhound
otterhound/otterhound52.jpg,otterhound
otterhound/otterhound59.jpg,otterhound
otterhound/otterhound68.jpg,otterhound
papillon/papillon16.jpg,papillon
papillon/papillon20.jpg,papillon
papillon/papillon32.jpg,papillon
papillon/papillon44.jpg,papillon
papillon/papillon54.jpg,papillon
papillon/papillon55.jpg,papillon
papillon/papillon58.jpg,papillon
papillon/papillon67.jpg,papillon
papillon/papillon86.jpg,papillon
papillon/papillon16.jpg,papillon
papillon/papillon20.jpg,papillon
papillon/papillon32.jpg,papillon
papillon/papillon44.jpg,papillon
papillon/papillon54.jpg,papillon
papillon/papillon55.jpg,papillon
papillon/papillon58.jpg,papillon
papillon/papillon67.jpg,papillon
papillon/papillon86.jpg,papillon
pekinese/pekinese20.jpg,pekinese
pekinese/pekinese31.jpg,pekinese
pekinese/pekinese32.jpg,pekinese
pekinese/pekinese45.jpg,pekinese
pekinese/pekinese56.jpg,pekinese
pekinese/pekinese58.jpg,pekinese
pekinese/pekinese71.jpg,pekinese
pekinese/pekinese20.jpg,pekinese
pekinese/pekinese31.jpg,pekinese
pekinese/pekinese32.jpg,pekinese
pekinese/pekinese45.jpg,pekinese
pekinese/pekinese56.jpg,pekinese
pekinese/pekinese58.jpg,pekinese
pekinese/pekinese71.jpg,pekinese
pembroke/pembroke16.jpg,pembroke
pembroke/pembroke20.jpg,pembroke
pembroke/pembroke32.jpg,pembroke
pembroke/pembroke44.jpg,pembroke
pembroke/pembroke54.jpg,pembroke
pembroke/pembroke55.jpg,pembroke
pembroke/pembroke58.jpg,pembroke
pembroke/pembroke67.jpg,pembroke
pembroke/pembroke83.jpg,pembroke
pembroke/pembroke16.jpg,pembroke
pembroke/pembroke20.jpg,pembroke
pembroke/pembroke32.jpg,pembroke
pembroke/pembroke44.jpg,pembroke
pembroke/pembroke54.jpg,pembroke
pembroke/pembroke55.jpg,pembroke
pembroke/pembroke58.jpg,pembroke
pembroke/pembroke67.jpg,pembroke
pembroke/pembroke83.jpg,pembroke
pomeranian/pomeranian11.jpg,pomeranian
pomeranian/pomeranian22.jpg,pomeranian
pomeranian/pomeranian34.jpg,pomeranian
pomeranian/pomeranian44.jpg,pomeranian
pomeranian/pomeranian45.jpg,pomeranian
pomeranian/pomeranian48.jpg,pomeranian
pomeranian/pomeranian75.jpg,pomeranian
pomeranian/pomeranian8.jpg,pomeranian
pomeranian/pomeranian88.jpg,pomeranian
pomeranian/pomeranian91.jpg,pomeranian
pomeranian/pomeranian96.jpg,pomeranian
pomeranian/pomeranian11.jpg,pomeranian
pomeranian/pomeranian22.jpg,pomeranian
pomeranian/pomeranian34.jpg,pomeranian
pomeranian/pomeranian44.jpg,pomeranian
pomeranian/pomeranian45.jpg,pomeranian
pomeranian/pomeranian48.jpg,pomeranian
pomeranian/pomeranian75.jpg,pomeranian
pomeranian/pomeranian8.jpg,pomeranian
pomeranian/pomeranian88.jpg,pomeranian
pomeranian/pomeranian91.jpg,pomeranian
pomeranian/pomeranian96.jpg,pomeranian
pug/pug16.jpg,pug
pug/pug20.jpg,pug
pug/pug32.jpg,pug
pug/pug44.jpg,pug
pug/pug54.jpg,pug
pug/pug55.jpg,pug
pug/pug58.jpg,pug
pug/pug84.jpg,pug
pug/pug91.jpg,pug
pug/pug16.jpg,pug
pug/pug20.jpg,pug
pug/pug32.jpg,pug
pug/pug44.jpg,pug
pug/pug54.jpg,pug
pug/pug55.jpg,pug
pug/pug58.jpg,pug
pug/pug84.jpg,pug
pug/pug91.jpg,pug
redbone/redbone14.jpg,redbone
redbone/redbone3.jpg,redbone
redbone/redbone32.jpg,redbone
redbone/redbone52.jpg,redbone
redbone/redbone59.jpg,redbone
redbone/redbone61.jpg,redbone
redbone/redbone9.jpg,redbone
redbone/redbone14.jpg,redbone
redbone/redbone3.jpg,redbone
redbone/redbone32.jpg,redbone
redbone/redbone52.jpg,redbone
redbone/redbone59.jpg,redbone
redbone/redbone61.jpg,redbone
redbone/redbone9.jpg,redbone
rhodesian_ridgeback/rhodesian_ridgeback16.jpg,rhodesian_ridgeback
rhodesian_ridgeback/rhodesian_ridgeback20.jpg,rhodesian_ridgeback
rhodesian_ridgeback/rhodesian_ridgeback32.jpg,rhodesian_ridgeback
rhodesian_ridgeback/rhodesian_ridgeback54.jpg,rhodesian_ridgeback
rhodesian_ridgeback/rhodesian_ridgeback55.jpg,rhodesian_ridgeback
rhodesian_ridgeback/rhodesian_ridgeback58.jpg,rhodesian_ridgeback
rhodesian_ridgeback/rhodesian_ridgeback67.jpg,rhodesian_ridgeback
rhodesian_ridgeback/rhodesian_ridgeback9.jpg,rhodesian_ridgeback
rhodesian_ridgeback/rhodesian_ridgeback16.jpg,rhodesian_ridgeback
rhodesian_ridgeback/rhodesian_ridgeback20.jpg,rhodesian_ridgeback
rhodesian_ridgeback/rhodesian_ridgeback32.jpg,rhodesian_ridgeback
rhodesian_ridgeback/rhodesian_ridgeback54.jpg,rhodesian_ridgeback
rhodesian_ridgeback/rhodesian_ridgeback55.jpg,rhodesian_ridgeback
rhodesian_ridgeback/rhodesian_ridgeback58.jpg,rhodesian_ridgeback
rhodesian_ridgeback/rhodesian_ridgeback67.jpg,rhodesian_ridgeback
rhodesian_ridgeback/rhodesian_ridgeback9.jpg,rhodesian_ridgeback
rottweiler/rottweiler20.jpg,rottweiler
rottweiler/rottweiler31.jpg,rottweiler
rottweiler/rottweiler32.jpg,rottweiler
rottweiler/rottweiler45.jpg,rottweiler
rottweiler/rottweiler56.jpg,rottweiler
rottweiler/rottweiler58.jpg,rottweiler
rottweiler/rottweiler71.jpg,rottweiler
rottweiler/rottweiler20.jpg,rottweiler
rottweiler/rottweiler31.jpg,rottweiler
rottweiler/rottweiler32.jpg,rottweiler
rottweiler/rottweiler45.jpg,rottweiler
rottweiler/rottweiler56.jpg,rottweiler
rottweiler/rottweiler58.jpg,rottweiler
rottweiler/rottweiler71.jpg,rottweiler
saint_bernard/saint_bernard16.jpg,saint_bernard
saint_bernard/saint_bernard20.jpg,saint_bernard
saint_bernard/saint_bernard32.jpg,saint_bernard
saint_bernard/saint_bernard44.jpg,saint_bernard
saint_bernard/saint_bernard54.jpg,saint_bernard
saint_bernard/saint_bernard55.jpg,saint_bernard
saint_bernard/saint_bernard58.jpg,saint_bernard
saint_bernard/saint_bernard77.jpg,saint_bernard
saint_bernard/saint_bernard16.jpg,saint_bernard
saint_bernard/saint_bernard20.jpg,saint_bernard
saint_bernard/saint_bernard32.jpg,saint_bernard
saint_bernard/saint_bernard44.jpg,saint_bernard
saint_bernard/saint_bernard54.jpg,saint_bernard
saint_bernard/saint_bernard55.jpg,saint_bernard
saint_bernard/saint_bernard58.jpg,saint_bernard
saint_bernard/saint_bernard77.jpg,saint_bernard
saluki/saluki16.jpg,saluki
saluki/saluki20.jpg,saluki
saluki/saluki32.jpg,saluki
saluki/saluki44.jpg,saluki
saluki/saluki54.jpg,saluki
saluki/saluki55.jpg,saluki
saluki/saluki58.jpg,saluki
saluki/saluki85.jpg,saluki
saluki/saluki89.jpg,saluki
saluki/saluki16.jpg,saluki
saluki/saluki20.jpg,saluki
saluki/saluki32.jpg,saluki
saluki/saluki44.jpg,saluki
saluki/saluki54.jpg,saluki
saluki/saluki55.jpg,saluki
saluki/saluki58.jpg,saluki
saluki/saluki85.jpg,saluki
saluki/saluki89.jpg,saluki
samoyed/samoyed12.jpg,samoyed
samoyed/samoyed24.jpg,samoyed
samoyed/samoyed36.jpg,samoyed
samoyed/samoyed46.jpg,samoyed
samoyed/samoyed5.jpg,samoyed
samoyed/samoyed77.jpg,samoyed
samoyed/samoyed81.jpg,samoyed
samoyed/samoyed88.jpg,samoyed
samoyed/samoyed89.jpg,samoyed
samoyed/samoyed96.jpg,samoyed
samoyed/samoyed12.jpg,samoyed
samoyed/samoyed24.jpg,samoyed
samoyed/samoyed36.jpg,samoyed
samoyed/samoyed46.jpg,samoyed
samoyed/samoyed5.jpg,samoyed
samoyed/samoyed77.jpg,samoyed
samoyed/samoyed81.jpg,samoyed
samoyed/samoyed88.jpg,samoyed
samoyed/samoyed89.jpg,samoyed
samoyed/samoyed96.jpg,samoyed
schipperke/schipperke16.jpg,schipperke
schipperke/schipperke20.jpg,schipperke
schipperke/schipperke32.jpg,schipperke
schipperke/schipperke54.jpg,schipperke
schipperke/schipperke55.jpg,schipperke
schipperke/schipperke58.jpg,schipperke
schipperke/schipperke67.jpg,schipperke
schipperke/schipperke79.jpg,schipperke
schipperke/schipperke16.jpg,schipperke
schipperke/schipperke20.jpg,schipperke
schipperke/schipperke32.jpg,schipperke
schipperke/schipperke54.jpg,schipperke
schipperke/schipperke55.jpg,schipperke
schipperke/schipperke58.jpg,schipperke
schipperke/schipperke67.jpg,schipperke
schipperke/schipperke79.jpg,schipperke
scotch_terrier/scotch_terrier16.jpg,scotch_terrier
scotch_terrier/scotch_terrier20.jpg,scotch_terrier
scotch_terrier/scotch_terrier32.jpg,scotch_terrier
scotch_terrier/scotch_terrier44.jpg,scotch_terrier
scotch_terrier/scotch_terrier54.jpg,scotch_terrier
scotch_terrier/scotch_terrier55.jpg,scotch_terrier
scotch_terrier/scotch_terrier58.jpg,scotch_terrier
scotch_terrier/scotch_terrier8.jpg,scotch_terrier
scotch_terrier/scotch_terrier16.jpg,scotch_terrier
scotch_terrier/scotch_terrier20.jpg,scotch_terrier
scotch_terrier/scotch_terrier32.jpg,scotch_terrier
scotch_terrier/scotch_terrier44.jpg,scotch_terrier
scotch_terrier/scotch_terrier54.jpg,scotch_terrier
scotch_terrier/scotch_terrier55.jpg,scotch_terrier
scotch_terrier/scotch_terrier58.jpg,scotch_terrier
scotch_terrier/scotch_terrier8.jpg,scotch_terrier
scottish_deerhound/scottish_deerhound11.jpg,scottish_deerhound
scottish_deerhound/scottish_deerhound121.jpg,scottish_deerhound
scottish_deerhound/scottish_deerhound20.jpg,scottish_deerhound
scottish_deerhound/scottish_deerhound30.jpg,scottish_deerhound
scottish_deerhound/scottish_deerhound34.jpg,scottish_deerhound
scottish_deerhound/scottish_deerhound61.jpg,scottish_deerhound
scottish_deerhound/scottish_deerhound66.jpg,scottish_deerhound
scottish_deerhound/scottish_deerhound73.jpg,scottish_deerhound
scottish_deerhound/scottish_deerhound77.jpg,scottish_deerhound
scottish_deerhound/scottish_deerhound85.jpg,scottish_deerhound
scottish_deerhound/scottish_deerhound87.jpg,scottish_deerhound
scottish_deerhound/scottish_deerhound95.jpg,scottish_deerhound
scottish_deerhound/scottish_deerhound11.jpg,scottish_deerhound
scottish_deerhound/scottish_deerhound121.jpg,scottish_deerhound
scottish_deerhound/scottish_deerhound20.jpg,scottish_deerhound
scottish_deerhound/scottish_deerhound30.jpg,scottish_deerhound
scottish_deerhound/scottish_deerhound34.jpg,scottish_deerhound
scottish_deerhound/scottish_deerhound61.jpg,scottish_deerhound
scottish_deerhound/scottish_deerhound66.jpg,scottish_deerhound
scottish_deerhound/scottish_deerhound73.jpg,scottish_deerhound
scottish_deerhound/scottish_deerhound77.jpg,scottish_deerhound
scottish_deerhound/scottish_deerhound85.jpg,scottish_deerhound
scottish_deerhound/scottish_deerhound87.jpg,scottish_deerhound
scottish_deerhound/scottish_deerhound95.jpg,scottish_deerhound
sealyham_terrier/sealyham_terrier16.jpg,sealyham_terrier
sealyham_terrier/sealyham_terrier20.jpg,sealyham_terrier
sealyham_terrier/sealyham_terrier32.jpg,sealyham_terrier
sealyham_terrier/sealyham_terrier54.jpg,sealyham_terrier
sealyham_terrier/sealyham_terrier55.jpg,sealyham_terrier
sealyham_terrier/sealyham_terrier58.jpg,sealyham_terrier
sealyham_terrier/sealyham_terrier67.jpg,sealyham_terrier
sealyham_terrier/sealyham_terrier9.jpg,sealyham_terrier
sealyham_terrier/sealyham_terrier16.jpg,sealyham_terrier
sealyham_terrier/sealyham_terrier20.jpg,sealyham_terrier
sealyham_terrier/sealyham_terrier32.jpg,sealyham_terrier
sealyham_terrier/sealyham_terrier54.jpg,sealyham_terrier
sealyham_terrier/sealyham_terrier55.jpg,sealyham_terrier
sealyham_terrier/sealyham_terrier58.jpg,sealyham_terrier
sealyham_terrier/sealyham_terrier67.jpg,sealyham_terrier
sealyham_terrier/sealyham_terrier9.jpg,sealyham_terrier
shetland_sheepdog/shetland_sheepdog20.jpg,shetland_sheepdog
shetland_sheepdog/shetland_sheepdog31.jpg,shetland_sheepdog
shetland_sheepdog/shetland_sheepdog32.jpg,shetland_sheepdog
shetland_sheepdog/shetland_sheepdog45.jpg,shetland_sheepdog
shetland_sheepdog/shetland_sheepdog56.jpg,shetland_sheepdog
shetland_sheepdog/shetland_sheepdog58.jpg,shetland_sheepdog
shetland_sheepdog/shetland_sheepdog71.jpg,shetland_sheepdog
shetland_sheepdog/shetland_sheepdog20.jpg,shetland_sheepdog
shetland_sheepdog/shetland_sheepdog31.jpg,shetland_sheepdog
shetland_sheepdog/shetland_sheepdog32.jpg,shetland_sheepdog
shetland_sheepdog/shetland_sheepdog45.jpg,shetland_sheepdog
shetland_sheepdog/shetland_sheepdog56.jpg,shetland_sheepdog
shetland_sheepdog/shetland_sheepdog58.jpg,shetland_sheepdog
shetland_sheepdog/shetland_sheepdog71.jpg,shetland_sheepdog
standard_poodle/standard_poodle16.jpg,standard_poodle
standard_poodle/standard_poodle20.jpg,standard_poodle
standard_poodle/standard_poodle32.jpg,standard_poodle
standard_poodle/standard_poodle54.jpg,standard_poodle
standard_poodle/standard_poodle55.jpg,standard_poodle
standard_poodle/standard_poodle58.jpg,standard_poodle
standard_poodle/standard_poodle73.jpg,standard_poodle
standard_poodle/standard_poodle16.jpg,standard_poodle
standard_poodle/standard_poodle20.jpg,standard_poodle
standard_poodle/standard_poodle32.jpg,standard_poodle
standard_poodle/standard_poodle54.jpg,standard_poodle
standard_poodle/standard_poodle55.jpg,standard_poodle
standard_poodle/standard_poodle58.jpg,standard_poodle
standard_poodle/standard_poodle73.jpg,standard_poodle
standard_schnauzer/standard_schnauzer14.jpg,standard_schnauzer
standard_schnauzer/standard_schnauzer3.jpg,standard_schnauzer
standard_schnauzer/standard_schnauzer32.jpg,standard_schnauzer
standard_schnauzer/standard_schnauzer52.jpg,standard_schnauzer
standard_schnauzer/standard_schnauzer59.jpg,standard_schnauzer
standard_schnauzer/standard_schnauzer61.jpg,standard_schnauzer
standard_schnauzer/standard_schnauzer9.jpg,standard_schnauzer
standard_schnauzer/standard_schnauzer14.jpg,standard_schnauzer
standard_schnauzer/standard_schnauzer3.jpg,standard_schnauzer
standard_schnauzer/standard_schnauzer32.jpg,standard_schnauzer
standard_schnauzer/standard_schnauzer52.jpg,standard_schnauzer
standard_schnauzer/standard_schnauzer59.jpg,standard_schnauzer
standard_schnauzer/standard_schnauzer61.jpg,standard_schnauzer
standard_schnauzer/standard_schnauzer9.jpg,standard_schnauzer
sussex_spaniel/sussex_spaniel20.jpg,sussex_spaniel
sussex_spaniel/sussex_spaniel32.jpg,sussex_spaniel
sussex_spaniel/sussex_spaniel54.jpg,sussex_spaniel
sussex_spaniel/sussex_spaniel55.jpg,sussex_spaniel
sussex_spaniel/sussex_spaniel58.jpg,sussex_spaniel
sussex_spaniel/sussex_spaniel60.jpg,sussex_spaniel
sussex_spaniel/sussex_spaniel72.jpg,sussex_spaniel
sussex_spaniel/sussex_spaniel20.jpg,sussex_spaniel
sussex_spaniel/sussex_spaniel32.jpg,sussex_spaniel
sussex_spaniel/sussex_spaniel54.jpg,sussex_spaniel
sussex_spaniel/sussex_spaniel55.jpg,sussex_spaniel
sussex_spaniel/sussex_spaniel58.jpg,sussex_spaniel
sussex_spaniel/sussex_spaniel60.jpg,sussex_spaniel
sussex_spaniel/sussex_spaniel72.jpg,sussex_spaniel
tibetan_mastiff/tibetan_mastiff20.jpg,tibetan_mastiff
tibetan_mastiff/tibetan_mastiff31.jpg,tibetan_mastiff
tibetan_mastiff/tibetan_mastiff49.jpg,tibetan_mastiff
tibetan_mastiff/tibetan_mastiff52.jpg,tibetan_mastiff
tibetan_mastiff/tibetan_mastiff59.jpg,tibetan_mastiff
tibetan_mastiff/tibetan_mastiff68.jpg,tibetan_mastiff
tibetan_mastiff/tibetan_mastiff20.jpg,tibetan_mastiff
tibetan_mastiff/tibetan_mastiff31.jpg,tibetan_mastiff
tibetan_mastiff/tibetan_mastiff49.jpg,tibetan_mastiff
tibetan_mastiff/tibetan_mastiff52.jpg,tibetan_mastiff
tibetan_mastiff/tibetan_mastiff59.jpg,tibetan_mastiff
tibetan_mastiff/tibetan_mastiff68.jpg,tibetan_mastiff
tibetan_terrier/tibetan_terrier14.jpg,tibetan_terrier
tibetan_terrier/tibetan_terrier26.jpg,tibetan_terrier
tibetan_terrier/tibetan_terrier38.jpg,tibetan_terrier
tibetan_terrier/tibetan_terrier48.jpg,tibetan_terrier
tibetan_terrier/tibetan_terrier49.jpg,tibetan_terrier
tibetan_terrier/tibetan_terrier51.jpg,tibetan_terrier
tibetan_terrier/tibetan_terrier79.jpg,tibetan_terrier
tibetan_terrier/tibetan_terrier83.jpg,tibetan_terrier
tibetan_terrier/tibetan_terrier89.jpg,tibetan_terrier
tibetan_terrier/tibetan_terrier9.jpg,tibetan_terrier
tibetan_terrier/tibetan_terrier14.jpg,tibetan_terrier
tibetan_terrier/tibetan_terrier26.jpg,tibetan_terrier
tibetan_terrier/tibetan_terrier38.jpg,tibetan_terrier
tibetan_terrier/tibetan_terrier48.jpg,tibetan_terrier
tibetan_terrier/tibetan_terrier49.jpg,tibetan_terrier
tibetan_terrier/tibetan_terrier51.jpg,tibetan_terrier
tibetan_terrier/tibetan_terrier79.jpg,tibetan_terrier
tibetan_terrier/tibetan_terrier83.jpg,tibetan_terrier
tibetan_terrier/tibetan_terrier89.jpg,tibetan_terrier
tibetan_terrier/tibetan_terrier9.jpg,tibetan_terrier
toy_terrier/toy_terrier16.jpg,toy_terrier
toy_terrier/toy_terrier20.jpg,toy_terrier
toy_terrier/toy_terrier32.jpg,toy_terrier
toy_terrier/toy_terrier54.jpg,toy_terrier
toy_terrier/toy_terrier55.jpg,toy_terrier
toy_terrier/toy_terrier58.jpg,toy_terrier
toy_terrier/toy_terrier73.jpg,toy_terrier
toy_terrier/toy_terrier16.jpg,toy_terrier
toy_terrier/toy_terrier20.jpg,toy_terrier
toy_terrier/toy_terrier32.jpg,toy_terrier
toy_terrier/toy_terrier54.jpg,toy_terrier
toy_terrier/toy_terrier55.jpg,toy_terrier
toy_terrier/toy_terrier58.jpg,toy_terrier
toy_terrier/toy_terrier73.jpg,toy_terrier
vizsla/vizsla20.jpg,vizsla
vizsla/vizsla3.jpg,vizsla
vizsla/vizsla31.jpg,vizsla
vizsla/vizsla49.jpg,vizsla
vizsla/vizsla52.jpg,vizsla
vizsla/vizsla59.jpg,vizsla
vizsla/vizsla69.jpg,vizsla
vizsla/vizsla20.jpg,vizsla
vizsla/vizsla3.jpg,vizsla
vizsla/vizsla31.jpg,vizsla
vizsla/vizsla49.jpg,vizsla
vizsla/vizsla52.jpg,vizsla
vizsla/vizsla59.jpg,vizsla
vizsla/vizsla69.jpg,vizsla
weimaraner/weimaraner16.jpg,weimaraner
weimaraner/weimaraner20.jpg,weimaraner
weimaraner/weimaraner32.jpg,weimaraner
weimaraner/weimaraner44.jpg,weimaraner
weimaraner/weimaraner54.jpg,weimaraner
weimaraner/weimaraner55.jpg,weimaraner
weimaraner/weimaraner58.jpg,weimaraner
weimaraner/weimaraner78.jpg,weimaraner
weimaraner/weimaraner16.jpg,weimaraner
weimaraner/weimaraner20.jpg,weimaraner
weimaraner/weimaraner32.jpg,weimaraner
weimaraner/weimaraner44.jpg,weimaraner
weimaraner/weimaraner54.jpg,weimaraner
weimaraner/weimaraner55.jpg,weimaraner
weimaraner/weimaraner58.jpg,weimaraner
weimaraner/weimaraner78.jpg,weimaraner
whippet/whippet16.jpg,whippet
whippet/whippet20.jpg,whippet
whippet/whippet32.jpg,whippet
whippet/whippet44.jpg,whippet
whippet/whippet54.jpg,whippet
whippet/whippet55.jpg,whippet
whippet/whippet58.jpg,whippet
whippet/whippet85.jpg,whippet
whippet/whippet91.jpg,whippet
whippet/whippet16.jpg,whippet
whippet/whippet20.jpg,whippet
whippet/whippet32.jpg,whippet
whippet/whippet44.jpg,whippet
whippet/whippet54.jpg,whippet
whippet/whippet55.jpg,whippet
whippet/whippet58.jpg,whippet
whippet/whippet85.jpg,whippet
whippet/whippet91.jpg,whippet
wire-haired_fox_terrier/wire-haired_fox_terrier16.jpg,wire-haired_fox_terrier
wire-haired_fox_terrier/wire-haired_fox_terrier20.jpg,wire-haired_fox_terrier
wire-haired_fox_terrier/wire-haired_fox_terrier32.jpg,wire-haired_fox_terrier
wire-haired_fox_terrier/wire-haired_fox_terrier44.jpg,wire-haired_fox_terrier
wire-haired_fox_terrier/wire-haired_fox_terrier54.jpg,wire-haired_fox_terrier
wire-haired_fox_terrier/wire-haired_fox_terrier55.jpg,wire-haired_fox_terrier
wire-haired_fox_terrier/wire-haired_fox_terrier58.jpg,wire-haired_fox_terrier
wire-haired_fox_terrier/wire-haired_fox_terrier8.jpg,wire-haired_fox_terrier
wire-haired_fox_terrier/wire-haired_fox_terrier16.jpg,wire-haired_fox_terrier
wire-haired_fox_terrier/wire-haired_fox_terrier20.jpg,wire-haired_fox_terrier
wire-haired_fox_terrier/wire-haired_fox_terrier32.jpg,wire-haired_fox_terrier
wire-haired_fox_terrier/wire-haired_fox_terrier44.jpg,wire-haired_fox_terrier
wire-haired_fox_terrier/wire-haired_fox_terrier54.jpg,wire-haired_fox_terrier
wire-haired_fox_terrier/wire-haired_fox_terrier55.jpg,wire-haired_fox_terrier
wire-haired_fox_terrier/wire-haired_fox_terrier58.jpg,wire-haired_fox_terrier
wire-haired_fox_terrier/wire-haired_fox_terrier8.jpg,wire-haired_fox_terrier
yorkshire_terrier/yorkshire_terrier16.jpg,yorkshire_terrier
yorkshire_terrier/yorkshire_terrier20.jpg,yorkshire_terrier
yorkshire_terrier/yorkshire_terrier32.jpg,yorkshire_terrier
yorkshire_terrier/yorkshire_terrier44.jpg,yorkshire_terrier
yorkshire_terrier/yorkshire_terrier54.jpg,yorkshire_terrier
yorkshire_terrier/yorkshire_terrier55.jpg,yorkshire_terrier
yorkshire_terrier/yorkshire_terrier58.jpg,yorkshire_terrier
yorkshire_terrier/yorkshire_terrier8.jpg,yorkshire_terrier
yorkshire_terrier/yorkshire_terrier16.jpg,yorkshire_terrier
yorkshire_terrier/yorkshire_terrier20.jpg,yorkshire_terrier
yorkshire_terrier/yorkshire_terrier32.jpg,yorkshire_terrier
yorkshire_terrier/yorkshire_terrier44.jpg,yorkshire_terrier
yorkshire_terrier/yorkshire_terrier54.jpg,yorkshire_terrier
yorkshire_terrier/yorkshire_terrier55.jpg,yorkshire_terrier
yorkshire_terrier/yorkshire_terrier58.jpg,yorkshire_terrier
yorkshire_terrier/yorkshire_terrier8.jpg,yorkshire_terrier
